--
-- PostgreSQL database dump
--

\restrict btAaXco5OuayZhPKcZpWX672cBfe8E2M49yva244CKnMPyEazT6rFOGBdmLZeX5

-- Dumped from database version 17.6 (Debian 17.6-1.pgdg13+1)
-- Dumped by pg_dump version 17.6 (Debian 17.6-1.pgdg13+1)

SET statement_timeout = 0;
SET lock_timeout = 0;
SET idle_in_transaction_session_timeout = 0;
SET transaction_timeout = 0;
SET client_encoding = 'UTF8';
SET standard_conforming_strings = on;
SELECT pg_catalog.set_config('search_path', '', false);
SET check_function_bodies = false;
SET xmloption = content;
SET client_min_messages = warning;
SET row_security = off;

--
-- Name: vector; Type: EXTENSION; Schema: -; Owner: -
--

CREATE EXTENSION IF NOT EXISTS vector WITH SCHEMA public;


--
-- Name: EXTENSION vector; Type: COMMENT; Schema: -; Owner: 
--

COMMENT ON EXTENSION vector IS 'vector data type and ivfflat and hnsw access methods';


SET default_tablespace = '';

SET default_table_access_method = heap;

--
-- Name: orders; Type: TABLE; Schema: public; Owner: pgvector_user
--

CREATE TABLE public.orders (
    id integer NOT NULL,
    user_id integer,
    product_id integer,
    quantity integer DEFAULT 1 NOT NULL,
    order_date timestamp without time zone DEFAULT CURRENT_TIMESTAMP
);


ALTER TABLE public.orders OWNER TO pgvector_user;

--
-- Name: orders_id_seq; Type: SEQUENCE; Schema: public; Owner: pgvector_user
--

CREATE SEQUENCE public.orders_id_seq
    AS integer
    START WITH 1
    INCREMENT BY 1
    NO MINVALUE
    NO MAXVALUE
    CACHE 1;


ALTER SEQUENCE public.orders_id_seq OWNER TO pgvector_user;

--
-- Name: orders_id_seq; Type: SEQUENCE OWNED BY; Schema: public; Owner: pgvector_user
--

ALTER SEQUENCE public.orders_id_seq OWNED BY public.orders.id;


--
-- Name: products; Type: TABLE; Schema: public; Owner: pgvector_user
--

CREATE TABLE public.products (
    id integer NOT NULL,
    name character varying(200) NOT NULL,
    description text,
    price numeric(10,2),
    embedding public.vector(384),
    created_at timestamp without time zone DEFAULT CURRENT_TIMESTAMP
);


ALTER TABLE public.products OWNER TO pgvector_user;

--
-- Name: products_id_seq; Type: SEQUENCE; Schema: public; Owner: pgvector_user
--

CREATE SEQUENCE public.products_id_seq
    AS integer
    START WITH 1
    INCREMENT BY 1
    NO MINVALUE
    NO MAXVALUE
    CACHE 1;


ALTER SEQUENCE public.products_id_seq OWNER TO pgvector_user;

--
-- Name: products_id_seq; Type: SEQUENCE OWNED BY; Schema: public; Owner: pgvector_user
--

ALTER SEQUENCE public.products_id_seq OWNED BY public.products.id;


--
-- Name: users; Type: TABLE; Schema: public; Owner: pgvector_user
--

CREATE TABLE public.users (
    id integer NOT NULL,
    name character varying(100) NOT NULL,
    email character varying(255) NOT NULL,
    created_at timestamp without time zone DEFAULT CURRENT_TIMESTAMP
);


ALTER TABLE public.users OWNER TO pgvector_user;

--
-- Name: users_id_seq; Type: SEQUENCE; Schema: public; Owner: pgvector_user
--

CREATE SEQUENCE public.users_id_seq
    AS integer
    START WITH 1
    INCREMENT BY 1
    NO MINVALUE
    NO MAXVALUE
    CACHE 1;


ALTER SEQUENCE public.users_id_seq OWNER TO pgvector_user;

--
-- Name: users_id_seq; Type: SEQUENCE OWNED BY; Schema: public; Owner: pgvector_user
--

ALTER SEQUENCE public.users_id_seq OWNED BY public.users.id;


--
-- Name: orders id; Type: DEFAULT; Schema: public; Owner: pgvector_user
--

ALTER TABLE ONLY public.orders ALTER COLUMN id SET DEFAULT nextval('public.orders_id_seq'::regclass);


--
-- Name: products id; Type: DEFAULT; Schema: public; Owner: pgvector_user
--

ALTER TABLE ONLY public.products ALTER COLUMN id SET DEFAULT nextval('public.products_id_seq'::regclass);


--
-- Name: users id; Type: DEFAULT; Schema: public; Owner: pgvector_user
--

ALTER TABLE ONLY public.users ALTER COLUMN id SET DEFAULT nextval('public.users_id_seq'::regclass);


--
-- Data for Name: orders; Type: TABLE DATA; Schema: public; Owner: pgvector_user
--

COPY public.orders (id, user_id, product_id, quantity, order_date) FROM stdin;
1	1	1	1	2025-09-19 18:35:34.524104
2	2	2	2	2025-09-19 18:35:34.524104
3	3	3	1	2025-09-19 18:35:34.524104
4	1	2	1	2025-09-18 18:35:34.524104
5	2	1	1	2025-09-17 18:35:34.524104
\.


--
-- Data for Name: products; Type: TABLE DATA; Schema: public; Owner: pgvector_user
--

COPY public.products (id, name, description, price, embedding, created_at) FROM stdin;
1	Laptop Computer	High-performance laptop for development work	999.99	[0.96541286,0.70790994,0.03142127,0.4013779,0.20370862,0.085465424,0.34831145,0.5603948,0.05206382,0.23950906,0.09186913,0.12414967,0.6887679,0.5453438,0.8397163,0.7647721,0.36107555,0.6489907,0.32362682,0.033200163,0.38281548,0.17004694,0.4203814,0.927482,0.04825286,0.12403653,0.6641688,0.9428302,0.80710804,0.13249275,0.529236,0.34676751,0.03271163,0.017093234,0.19221602,0.40344155,0.8479069,0.14950016,0.44427198,0.88538027,0.37350655,0.0042070914,0.77844286,0.4429329,0.8161372,0.8249873,0.47657055,0.12074364,0.044167742,0.2738064,0.49194568,0.6211758,0.8829694,0.6798422,0.64567095,0.15847705,0.7505945,0.14508843,0.31524202,0.8287511,0.030105472,0.58417016,0.27512482,0.32425183,0.0057015265,0.5233461,0.20302896,0.9135922,0.6132375,0.68472844,0.26665592,0.35597372,0.7441086,0.4815495,0.5800367,0.48387185,0.04073363,0.24504681,0.52904487,0.046154737,0.042022053,0.95203876,0.7862828,0.2354863,0.20094776,0.3494727,0.4966476,0.22285724,0.44306543,0.44487965,0.09828846,0.24226317,0.36299002,0.28753945,0.56451815,0.3658829,0.3425022,0.9400403,0.7268469,0.832541,0.4921228,0.09932783,0.79738027,0.7337447,0.5735222,0.6259569,0.4079876,0.5769054,0.09080675,0.474971,0.598166,0.054903872,0.5948841,0.93311995,0.36490768,0.80236006,0.62984085,0.6982434,0.9312009,0.76957715,0.43774217,0.86468965,0.1182421,0.064640194,0.10944469,0.40463307,0.7860374,0.7027391,0.21198162,0.35503092,0.19238903,0.5488141,0.80555224,0.95728135,0.57221264,0.24163,0.47837204,0.944786,0.9945762,0.22982432,0.7146316,0.89487356,0.5741083,0.40608928,0.15421353,0.53451383,0.09216126,0.36174098,0.29130173,0.108485915,0.6984836,0.22645935,0.9802025,0.84244955,0.44118366,0.03601501,0.7989629,0.634519,0.74569154,0.8549377,0.76575977,0.90810454,0.7596918,0.227102,0.22854751,0.56218547,0.4375837,0.48176244,0.70026255,0.47837743,0.40916446,0.5612355,0.39252254,0.82108873,0.93622315,0.26401407,0.42537442,0.7882589,0.22154139,0.30438557,0.46972355,0.23760922,0.43125007,0.77607405,0.04132937,0.6509858,0.2251353,0.8711519,0.72958416,0.5783056,0.33159018,0.18884407,0.3470393,0.4926197,0.24058841,0.15893541,0.90104324,0.25632527,0.2839251,0.29272613,0.53919166,0.95959693,0.5679622,0.7308607,0.9497748,0.9504127,0.7010272,0.23372027,0.17268758,0.30550465,0.7958075,0.18130952,0.027759787,0.46895054,0.27478287,0.9377597,0.31929767,0.6981027,0.40932447,0.7491934,0.76268464,0.5323055,0.018044345,0.59394515,0.24973746,0.118413076,0.4642413,0.8701303,0.7129606,0.9989854,0.32488284,0.24630722,0.013476571,0.6075818,0.80772895,0.27294582,0.13527079,0.36921653,0.16352147,0.8111198,0.01736444,0.11102431,0.0653321,0.54608506,0.5923589,0.8056904,0.5221972,0.6993751,0.4870812,0.99039507,0.20409623,0.10703567,0.09568877,0.40535805,0.6454111,0.88122344,0.71227765,0.09216762,0.28133342,0.13986494,0.7145541,0.8871725,0.11167217,0.5795588,0.16710544,0.38411647,0.2986701,0.87353134,0.3671653,0.64644057,0.8124554,0.52238256,0.95665985,0.90459704,0.18242265,0.28310677,0.07862155,0.8993731,0.31647104,0.69606113,0.9126321,0.40750918,0.061454304,0.3986501,0.65285665,0.23371875,0.56026936,0.55741125,0.88866234,0.98950326,0.13194294,0.6021981,0.64846045,0.32023916,0.68986624,0.38064945,0.9722367,0.4942598,0.5940946,0.3959883,0.12260914,0.9555116,0.8558791,0.9077639,0.7268285,0.38562638,0.8567433,0.0043832636,0.64605355,0.79299855,0.8214555,0.6391661,0.32028693,0.83513176,0.67949414,0.11480058,0.06462573,0.75335157,0.21885946,0.99592954,0.7649254,0.27064398,0.773823,0.85836107,0.9365108,0.24903342,0.60536397,0.48276696,0.37578586,0.8629795,0.004346896,0.5057429,0.9711759,0.5828218,0.6790674,0.20490836,0.97826016,0.5995003,0.30615643,0.4881335,0.506788,0.31957784,0.36145398,0.24576075,0.8519962,0.6565922,0.08096854,0.89087194,0.08636768,0.9941726,0.19211076,0.21684304,0.11200661,0.9959972,0.4418615,0.5879978,0.97005326,0.6782032,0.8641602,0.6372549,0.64313567,0.9977859,0.47323695,0.7042861,0.8354696,0.9617588,0.13856006,0.20639664,0.7363856,0.013019558,0.46439877,0.8487828,0.26992697,0.74425316,0.8871961,0.7096355,0.078537695,0.85673326,0.83687025,0.9401872,0.6941,0.041205466,0.9359318,0.07942001]	2025-09-19 18:35:34.52153
2	Wireless Mouse	Ergonomic wireless mouse with precision tracking	29.99	[0.36534956,0.37311703,0.27205124,0.0718916,0.52248544,0.46126327,0.7437089,0.19466785,0.86074644,0.8254021,0.3679407,0.51126045,0.21181814,0.16582936,0.9470017,0.7218245,0.7593731,0.9841774,0.9660562,0.018602623,0.04829814,0.76911956,0.32483447,0.63220304,0.3551779,0.37310657,0.31291837,0.60961115,0.21325526,0.5184695,0.7402278,0.26928905,0.931211,0.5944466,0.26756722,0.17788208,0.26350537,0.640448,0.56065744,0.7451836,0.3951735,0.6245694,0.6040806,0.82508194,0.39974472,0.9219904,0.9822323,0.099556305,0.19983192,0.8113184,0.2923682,0.6503272,0.16482751,0.661462,0.59065825,0.9764996,0.28545365,0.039310865,0.11074254,0.81029564,0.87198126,0.7544021,0.25942075,0.12460761,0.1072989,0.24535829,0.72863865,0.907809,0.26566032,0.5277083,0.39898995,0.34666047,0.46052998,0.30734485,0.08025906,0.6281698,0.9612568,0.34406078,0.18077922,0.339667,0.16124874,0.28664526,0.31398702,0.1891791,0.16918705,0.31545702,0.048016507,0.77938944,0.97846353,0.28792325,0.18634856,0.6271801,0.25210753,0.13712202,0.049843635,0.3851653,0.25700074,0.658145,0.7609011,0.7101298,0.6488179,0.73035115,0.98099345,0.19233474,0.26594743,0.8594349,0.6084308,0.8537809,0.6993784,0.59461725,0.2819558,0.05803115,0.58739287,0.8316272,0.6902009,0.30244088,0.8934958,0.08827273,0.37449202,0.18905807,0.4006261,0.34509808,0.7509818,0.961031,0.24584797,0.1516596,0.8020037,0.062443662,0.7543225,0.32912374,0.50828063,0.9828301,0.8921662,0.9853531,0.028321642,0.862613,0.032548245,0.3918462,0.047553636,0.02292282,0.10631554,0.44033056,0.8397089,0.5570484,0.92311174,0.21825364,0.6082548,0.24837789,0.27258036,0.14004365,0.22716726,0.72581816,0.24900146,0.516455,0.0027402514,0.78283775,0.20068479,0.5118516,0.026178379,0.55800575,0.257015,0.7227803,0.19540367,0.5391188,0.05905666,0.48950675,0.44449592,0.17827375,0.4174728,0.91437674,0.015708357,0.4203796,0.10869628,0.3807273,0.5123219,0.48745504,0.950499,0.57389635,0.48698097,0.028552303,0.16374719,0.9136295,0.61353415,0.84040785,0.4523361,0.3407434,0.8667772,0.73596746,0.49907812,0.3454118,0.09680508,0.23196313,0.7184353,0.4976384,0.123179734,0.30475828,0.54531395,0.82625747,0.13180399,0.03752789,0.2262189,0.57953286,0.80261165,0.32795107,0.56691486,0.70556796,0.1347153,0.93211883,0.88268363,0.9652206,0.6590292,0.67956287,0.26104334,0.7355372,0.9031447,0.249604,0.61838275,0.8141803,0.8004429,0.5048863,0.4942361,0.4215474,0.31324846,0.9922565,0.4467412,0.017939916,0.36320713,0.86841106,0.13247757,0.59370303,0.69173855,0.7254677,0.13282137,0.7941105,0.5863787,0.08955765,0.9135913,0.543732,0.4201782,0.22795402,0.8799417,0.14924663,0.10658217,0.76940125,0.8962855,0.112973675,0.6316571,0.55417687,0.8349906,0.10842263,0.3843157,0.38882142,0.975051,0.38566393,0.49644116,0.89480215,0.23445994,0.87809694,0.8698319,0.21975738,0.055664934,0.4144062,0.5301233,0.10377888,0.17221048,0.8977731,0.45506817,0.9075897,0.1187179,0.03957819,0.2582133,0.099698946,0.7761622,0.55619776,0.024767987,0.4886328,0.48851863,0.8823102,0.12766643,0.6479081,0.08987289,0.19082208,0.70987517,0.91940886,0.16278212,0.69689375,0.55787253,0.5661436,0.9453896,0.17986482,0.40983948,0.93318576,0.91742134,0.042060465,0.4761916,0.7003402,0.29952925,0.4890449,0.5941775,0.7950089,0.7254809,0.2766948,0.29581442,0.11108364,0.54009104,0.6822008,0.18435374,0.7478826,0.8640482,0.29573244,0.5393148,0.09104803,0.8772391,0.99083036,0.3497762,0.67682654,0.22574925,0.5750739,0.011461136,0.41573143,0.12156093,0.5435522,0.48338675,0.76418304,0.28885219,0.7565736,0.8664387,0.38358417,0.9681674,0.38523847,0.30488867,0.34356245,0.8266362,0.7769431,0.32967693,0.78281534,0.8218965,0.2954595,0.303365,0.89756626,0.12528111,0.4753215,0.54320455,0.16253221,0.4670648,0.5045191,0.6087681,0.44363806,0.2783562,0.62959397,0.85394275,0.25339073,0.7169455,0.35631946,0.43703857,0.7771516,0.08241071,0.11428482,0.07552292,0.37952438,0.41145846,0.91023654,0.64405936,0.67543656,0.76396,0.81148684,0.9744901,0.20316255,0.7928211,0.39293534,0.4829023,0.5978521,0.8236695,0.066515535,0.626748,0.3890178,0.8186529,0.5049554,0.33922237,0.011586912,0.09844541,0.8894738,0.16125828,0.035657946]	2025-09-19 18:35:34.52153
3	Mechanical Keyboard	RGB mechanical keyboard with tactile switches	149.99	[0.65543896,0.85563254,0.49142033,0.8039857,0.6763645,0.37806332,0.74980986,0.9386101,0.57409245,0.69121104,0.133132,0.111396484,0.72902846,0.43538293,0.39579916,0.90001774,0.23260847,0.6098767,0.029492762,0.78679806,0.56106657,0.6558179,0.7755768,0.3938863,0.79735684,0.99766195,0.25007755,0.751917,0.5607619,0.45561823,0.26953432,0.7063661,0.9816293,0.1431359,0.11843127,0.29400578,0.73885185,0.5511573,0.92066145,0.9011296,0.21766798,0.020242183,0.35348517,0.29636773,0.41756964,0.21170564,0.45051536,0.62643814,0.39163354,0.49308267,0.7252918,0.72385114,0.38198853,0.47119674,0.863156,0.54552084,0.3801161,0.67733485,0.0032593457,0.4912811,0.58268976,0.042963453,0.66947925,0.66653615,0.13176203,0.87913674,0.5586804,0.36924624,0.031987652,0.96899426,0.61567163,0.6925651,0.28373355,0.2841041,0.23405375,0.014040488,0.6715263,0.6280817,0.5252884,0.14330718,0.049933385,0.4103316,0.75657046,0.50703794,0.39649224,0.3363253,0.06302779,0.27806336,0.45630345,0.18817386,0.53299844,0.97749645,0.9884915,0.6158934,0.9340167,0.86674,0.19065537,0.40490574,0.50349855,0.6038213,0.4651139,0.8643342,0.7611845,0.8806828,0.56508154,0.11879371,0.50617576,0.015924634,0.38909787,0.9573925,0.7198214,0.6052332,0.55471516,0.04430696,0.5696716,0.75192374,0.7624705,0.5006178,0.3349679,0.11691605,0.9865655,0.0056136018,0.17708993,0.6194532,0.07180759,0.8829091,0.33616328,0.95179975,0.8466928,0.47495082,0.6124992,0.21250902,0.37436435,0.86035967,0.87190694,0.93138677,0.95904344,0.69709426,0.5813559,0.76450866,0.44644117,0.31311074,0.921053,0.14264934,0.13507208,0.7928089,0.70118314,0.9973096,0.2822905,0.90855354,0.2797755,0.916816,0.879051,0.09125875,0.24513298,0.37872735,0.23011552,0.24302153,0.9456068,0.43084103,0.969466,0.44598687,0.14705122,0.016888643,0.35607588,0.8657508,0.13160436,0.8508076,0.41331586,0.4163944,0.20590937,0.45218036,0.24413157,0.30447614,0.7740064,0.6449834,0.8905281,0.11762284,0.7461688,0.28360087,0.32204854,0.18546811,0.40103376,0.121903606,0.08629839,0.12810647,0.7783667,0.012305459,0.7560366,0.4644843,0.58122504,0.9129811,0.19889984,0.01631571,0.37890372,0.39269167,0.70715624,0.16683383,0.8130006,0.21567354,0.9023537,0.13318731,0.13796376,0.70690614,0.0034458172,0.8589921,0.19286487,0.9225152,0.5788284,0.7083888,0.5753883,0.3704551,0.7505144,0.46158263,0.025859052,0.20760418,0.7682877,0.0017346711,0.26032057,0.46302667,0.14507498,0.53878826,0.84540236,0.94037986,0.69654703,0.99428207,0.79421204,0.12443329,0.06298134,0.93044376,0.38253966,0.44215947,0.7839975,0.33123565,0.17582074,0.99595034,0.79716843,0.08303036,0.37722594,0.88828313,0.087301984,0.49033254,0.006983378,0.269203,0.9897361,0.24773215,0.9691292,0.9065089,0.41305378,0.11169372,0.867415,0.98335165,0.6456964,0.25278637,0.7555777,0.5585268,0.9314086,0.86923885,0.5461978,0.8116858,0.41775617,0.33635923,0.3731397,0.41622147,0.06524318,0.28449243,0.7716777,0.8123195,0.8862711,0.73470056,0.429629,0.32536504,0.6329274,0.33487043,0.2763358,0.08608484,0.26354316,0.13909283,0.105767034,0.10681703,0.5710257,0.8951752,0.09121326,0.45368645,0.55892575,0.64783293,0.5972418,0.80645704,0.19733508,0.7020753,0.5405214,0.90587574,0.20249832,0.080563016,0.30132303,0.8263803,0.63905334,0.009976717,0.820723,0.37666485,0.0013744944,0.5410778,0.0423368,0.7587158,0.72753936,0.73599887,0.32917696,0.41841877,0.71838087,0.9668762,0.35787612,0.48147509,0.28367385,0.65285355,0.547959,0.011339411,0.5638341,0.34868988,0.3390038,0.5932312,0.05730864,0.8858805,0.2269239,0.7811027,0.47119546,0.23699027,0.0024418135,0.08525022,0.8837349,0.9122681,0.17617315,0.6696544,0.5451527,0.61090755,0.7617703,0.9738046,0.6556916,0.04435468,0.86361045,0.5751051,0.97812605,0.017992428,0.45064726,0.3797451,0.2379734,0.90333617,0.80132544,0.46820435,0.1260229,0.731339,0.27279916,0.5660907,0.14696744,0.8014577,0.6163493,0.0582482,0.16175604,0.7309704,0.513404,0.33977655,0.35557374,0.43365586,0.14758913,0.3611767,0.2010757,0.19232324,0.013484486,0.28968725,0.0011245024,0.94656676,0.2586962,0.4112812,0.73008174,0.44385648,0.96376044,0.47161716,0.31967184,0.14680314,0.39291838,0.6955515,0.71671116,0.072122715,0.059089087,0.8947556]	2025-09-19 18:35:34.52153
\.


--
-- Data for Name: users; Type: TABLE DATA; Schema: public; Owner: pgvector_user
--

COPY public.users (id, name, email, created_at) FROM stdin;
1	Alice Johnson	alice@example.com	2025-09-19 18:35:34.519546
2	Bob Smith	bob@example.com	2025-09-19 18:35:34.519546
3	Charlie Brown	charlie@example.com	2025-09-19 18:35:34.519546
\.


--
-- Name: orders_id_seq; Type: SEQUENCE SET; Schema: public; Owner: pgvector_user
--

SELECT pg_catalog.setval('public.orders_id_seq', 1, false);


--
-- Name: products_id_seq; Type: SEQUENCE SET; Schema: public; Owner: pgvector_user
--

SELECT pg_catalog.setval('public.products_id_seq', 1, false);


--
-- Name: users_id_seq; Type: SEQUENCE SET; Schema: public; Owner: pgvector_user
--

SELECT pg_catalog.setval('public.users_id_seq', 1, false);


--
-- Name: orders orders_pkey; Type: CONSTRAINT; Schema: public; Owner: pgvector_user
--

ALTER TABLE ONLY public.orders
    ADD CONSTRAINT orders_pkey PRIMARY KEY (id);


--
-- Name: products products_pkey; Type: CONSTRAINT; Schema: public; Owner: pgvector_user
--

ALTER TABLE ONLY public.products
    ADD CONSTRAINT products_pkey PRIMARY KEY (id);


--
-- Name: users users_email_key; Type: CONSTRAINT; Schema: public; Owner: pgvector_user
--

ALTER TABLE ONLY public.users
    ADD CONSTRAINT users_email_key UNIQUE (email);


--
-- Name: users users_pkey; Type: CONSTRAINT; Schema: public; Owner: pgvector_user
--

ALTER TABLE ONLY public.users
    ADD CONSTRAINT users_pkey PRIMARY KEY (id);


--
-- Name: products_embedding_idx; Type: INDEX; Schema: public; Owner: pgvector_user
--

CREATE INDEX products_embedding_idx ON public.products USING ivfflat (embedding public.vector_cosine_ops) WITH (lists='100');


--
-- Name: orders orders_product_id_fkey; Type: FK CONSTRAINT; Schema: public; Owner: pgvector_user
--

ALTER TABLE ONLY public.orders
    ADD CONSTRAINT orders_product_id_fkey FOREIGN KEY (product_id) REFERENCES public.products(id);


--
-- Name: orders orders_user_id_fkey; Type: FK CONSTRAINT; Schema: public; Owner: pgvector_user
--

ALTER TABLE ONLY public.orders
    ADD CONSTRAINT orders_user_id_fkey FOREIGN KEY (user_id) REFERENCES public.users(id);


--
-- Name: SCHEMA public; Type: ACL; Schema: -; Owner: pg_database_owner
--

GRANT ALL ON SCHEMA public TO pgvector_user;


--
-- Name: DEFAULT PRIVILEGES FOR SEQUENCES; Type: DEFAULT ACL; Schema: public; Owner: pgvector_user
--

ALTER DEFAULT PRIVILEGES FOR ROLE pgvector_user IN SCHEMA public GRANT ALL ON SEQUENCES TO pgvector_user;


--
-- Name: DEFAULT PRIVILEGES FOR FUNCTIONS; Type: DEFAULT ACL; Schema: public; Owner: pgvector_user
--

ALTER DEFAULT PRIVILEGES FOR ROLE pgvector_user IN SCHEMA public GRANT ALL ON FUNCTIONS TO pgvector_user;


--
-- Name: DEFAULT PRIVILEGES FOR TABLES; Type: DEFAULT ACL; Schema: public; Owner: pgvector_user
--

ALTER DEFAULT PRIVILEGES FOR ROLE pgvector_user IN SCHEMA public GRANT ALL ON TABLES TO pgvector_user;


--
-- PostgreSQL database dump complete
--

\unrestrict btAaXco5OuayZhPKcZpWX672cBfe8E2M49yva244CKnMPyEazT6rFOGBdmLZeX5

